id,label,true,prob
seborrheickeratosis/P377a.png,seborrheickeratosis,4,5
seborrheickeratosis/D123.png,seborrheickeratosis,4,5
seborrheickeratosis/D359.png,seborrheickeratosis,4,4
seborrheickeratosis/B179f.png,seborrheickeratosis,4,5
seborrheickeratosis/A9.png,seborrheickeratosis,4,4
seborrheickeratosis/D298.png,seborrheickeratosis,4,4
seborrheickeratosis/D699.png,seborrheickeratosis,4,3
seborrheickeratosis/B170.png,seborrheickeratosis,4,4
seborrheickeratosis/D521.png,seborrheickeratosis,4,1
seborrheickeratosis/P499.png,seborrheickeratosis,4,3
seborrheickeratosis/P348b.png,seborrheickeratosis,4,4
seborrheickeratosis/P255.png,seborrheickeratosis,4,0
seborrheickeratosis/D560.png,seborrheickeratosis,4,1
seborrheickeratosis/B422.png,seborrheickeratosis,4,3
seborrheickeratosis/D337.png,seborrheickeratosis,4,4
seborrheickeratosis/P93.png,seborrheickeratosis,4,4
seborrheickeratosis/B90.png,seborrheickeratosis,4,3
seborrheickeratosis/B380.png,seborrheickeratosis,4,3
seborrheickeratosis/P145c.png,seborrheickeratosis,4,4
seborrheickeratosis/P221.png,seborrheickeratosis,4,4
seborrheickeratosis/B568.png,seborrheickeratosis,4,4
seborrheickeratosis/B267a.png,seborrheickeratosis,4,4
seborrheickeratosis/D270.png,seborrheickeratosis,4,5
seborrheickeratosis/D591.png,seborrheickeratosis,4,4
seborrheickeratosis/P128b.png,seborrheickeratosis,4,4
seborrheickeratosis/P473e.png,seborrheickeratosis,4,1
seborrheickeratosis/B677c.png,seborrheickeratosis,4,1
seborrheickeratosis/D241b.png,seborrheickeratosis,4,5
seborrheickeratosis/P208a.png,seborrheickeratosis,4,4
seborrheickeratosis/P456a.png,seborrheickeratosis,4,1
seborrheickeratosis/B433b.png,seborrheickeratosis,4,4
seborrheickeratosis/B728c.png,seborrheickeratosis,4,4
seborrheickeratosis/B179a.png,seborrheickeratosis,4,4
seborrheickeratosis/D134a.png,seborrheickeratosis,4,3
seborrheickeratosis/A102b.png,seborrheickeratosis,4,5
seborrheickeratosis/D683.png,seborrheickeratosis,4,5
seborrheickeratosis/D622.png,seborrheickeratosis,4,4
seborrheickeratosis/P269.png,seborrheickeratosis,4,4
seborrheickeratosis/B45.png,seborrheickeratosis,4,4
seborrheickeratosis/P156a.png,seborrheickeratosis,4,4
seborrheickeratosis/B179d.png,seborrheickeratosis,4,5
seborrheickeratosis/P366b.png,seborrheickeratosis,4,4
seborrheickeratosis/D533.png,seborrheickeratosis,4,4
seborrheickeratosis/A5.png,seborrheickeratosis,4,5
seborrheickeratosis/B394e.png,seborrheickeratosis,4,4
seborrheickeratosis/D441.png,seborrheickeratosis,4,3
seborrheickeratosis/B735a.png,seborrheickeratosis,4,4
seborrheickeratosis/B683.png,seborrheickeratosis,4,4
seborrheickeratosis/B224b.png,seborrheickeratosis,4,4
seborrheickeratosis/B484d.png,seborrheickeratosis,4,4
seborrheickeratosis/P145a.png,seborrheickeratosis,4,4
seborrheickeratosis/P206c.png,seborrheickeratosis,4,4
seborrheickeratosis/P292.png,seborrheickeratosis,4,3
seborrheickeratosis/D518a.png,seborrheickeratosis,4,3
seborrheickeratosis/P245.png,seborrheickeratosis,4,4
seborrheickeratosis/D348.png,seborrheickeratosis,4,4
seborrheickeratosis/P192a.png,seborrheickeratosis,4,4
seborrheickeratosis/D576.png,seborrheickeratosis,4,4
seborrheickeratosis/B484a.png,seborrheickeratosis,4,4
seborrheickeratosis/P173a.png,seborrheickeratosis,4,3
seborrheickeratosis/P479.png,seborrheickeratosis,4,4
seborrheickeratosis/B93.png,seborrheickeratosis,4,4
seborrheickeratosis/D391.png,seborrheickeratosis,4,4
seborrheickeratosis/D532a.png,seborrheickeratosis,4,4
seborrheickeratosis/P212.png,seborrheickeratosis,4,4
seborrheickeratosis/D606b.png,seborrheickeratosis,4,5
seborrheickeratosis/B504a.png,seborrheickeratosis,4,4
seborrheickeratosis/P288a.png,seborrheickeratosis,4,4
seborrheickeratosis/B511c.png,seborrheickeratosis,4,4
seborrheickeratosis/B719a.png,seborrheickeratosis,4,1
seborrheickeratosis/P288c.png,seborrheickeratosis,4,4
seborrheickeratosis/D578b.png,seborrheickeratosis,4,3
seborrheickeratosis/B418.png,seborrheickeratosis,4,4
seborrheickeratosis/P261.png,seborrheickeratosis,4,3
seborrheickeratosis/D313.png,seborrheickeratosis,4,4
seborrheickeratosis/P390a.png,seborrheickeratosis,4,4
seborrheickeratosis/D606a.png,seborrheickeratosis,4,4
seborrheickeratosis/P516a.png,seborrheickeratosis,4,4
seborrheickeratosis/D159b.png,seborrheickeratosis,4,4
seborrheickeratosis/P214.png,seborrheickeratosis,4,4
seborrheickeratosis/P265b.png,seborrheickeratosis,4,4
seborrheickeratosis/A33c.png,seborrheickeratosis,4,4
seborrheickeratosis/B224a.png,seborrheickeratosis,4,3
seborrheickeratosis/D658.png,seborrheickeratosis,4,3
seborrheickeratosis/B367.png,seborrheickeratosis,4,4
seborrheickeratosis/B728b.png,seborrheickeratosis,4,4
seborrheickeratosis/P288b.png,seborrheickeratosis,4,4
seborrheickeratosis/A33b.png,seborrheickeratosis,4,4
seborrheickeratosis/B626b.png,seborrheickeratosis,4,4
seborrheickeratosis/B528.png,seborrheickeratosis,4,3
seborrheickeratosis/B795.png,seborrheickeratosis,4,4
seborrheickeratosis/D635.png,seborrheickeratosis,4,4
seborrheickeratosis/P206e.png,seborrheickeratosis,4,4
seborrheickeratosis/P226.png,seborrheickeratosis,4,4
seborrheickeratosis/D648.png,seborrheickeratosis,4,4
seborrheickeratosis/D624b.png,seborrheickeratosis,4,4
seborrheickeratosis/P369a.png,seborrheickeratosis,4,4
seborrheickeratosis/B478.png,seborrheickeratosis,4,1
seborrheickeratosis/P3a.png,seborrheickeratosis,4,4
seborrheickeratosis/D517a.png,seborrheickeratosis,4,4
seborrheickeratosis/B504b.png,seborrheickeratosis,4,4
seborrheickeratosis/P470.png,seborrheickeratosis,4,4
seborrheickeratosis/B224c.png,seborrheickeratosis,4,4
seborrheickeratosis/P289.png,seborrheickeratosis,4,4
seborrheickeratosis/P348a.png,seborrheickeratosis,4,4
seborrheickeratosis/P155.png,seborrheickeratosis,4,4
seborrheickeratosis/D689.png,seborrheickeratosis,4,5
seborrheickeratosis/P272.png,seborrheickeratosis,4,4
seborrheickeratosis/P389.png,seborrheickeratosis,4,4
seborrheickeratosis/P170a.png,seborrheickeratosis,4,4
seborrheickeratosis/P232b.png,seborrheickeratosis,4,4
seborrheickeratosis/P260.png,seborrheickeratosis,4,4
seborrheickeratosis/B432.png,seborrheickeratosis,4,4
seborrheickeratosis/B445b.png,seborrheickeratosis,4,3
seborrheickeratosis/P128c.png,seborrheickeratosis,4,1
seborrheickeratosis/D118b.png,seborrheickeratosis,4,0
seborrheickeratosis/P173c.png,seborrheickeratosis,4,4
seborrheickeratosis/D660.png,seborrheickeratosis,4,4
seborrheickeratosis/D563.png,seborrheickeratosis,4,5
seborrheickeratosis/P473b.png,seborrheickeratosis,4,4
seborrheickeratosis/P152.png,seborrheickeratosis,4,4
seborrheickeratosis/P405c.png,seborrheickeratosis,4,3
seborrheickeratosis/B74.png,seborrheickeratosis,4,4
seborrheickeratosis/B484c.png,seborrheickeratosis,4,4
seborrheickeratosis/A103a.png,seborrheickeratosis,4,4
seborrheickeratosis/P405b.png,seborrheickeratosis,4,5
seborrheickeratosis/D373.png,seborrheickeratosis,4,4
seborrheickeratosis/P497.png,seborrheickeratosis,4,4
seborrheickeratosis/B735b.png,seborrheickeratosis,4,4
seborrheickeratosis/P123.png,seborrheickeratosis,4,4
seborrheickeratosis/D353.png,seborrheickeratosis,4,1
seborrheickeratosis/D536a.png,seborrheickeratosis,4,1
seborrheickeratosis/D329.png,seborrheickeratosis,4,4
seborrheickeratosis/B394a.png,seborrheickeratosis,4,5
seborrheickeratosis/P116.png,seborrheickeratosis,4,4
seborrheickeratosis/P390b.png,seborrheickeratosis,4,4
seborrheickeratosis/B472c.png,seborrheickeratosis,4,4
seborrheickeratosis/B179c.png,seborrheickeratosis,4,5
seborrheickeratosis/B20.png,seborrheickeratosis,4,4
seborrheickeratosis/P493.png,seborrheickeratosis,4,4
seborrheickeratosis/P175.png,seborrheickeratosis,4,4
seborrheickeratosis/D569.png,seborrheickeratosis,4,4
seborrheickeratosis/P181b.png,seborrheickeratosis,4,4
seborrheickeratosis/D286.png,seborrheickeratosis,4,0
seborrheickeratosis/D590.png,seborrheickeratosis,4,4
seborrheickeratosis/P495.png,seborrheickeratosis,4,5
seborrheickeratosis/P377e.png,seborrheickeratosis,4,5
seborrheickeratosis/D241a.png,seborrheickeratosis,4,5
seborrheickeratosis/D347.png,seborrheickeratosis,4,4
seborrheickeratosis/P192b.png,seborrheickeratosis,4,3
seborrheickeratosis/D414b.png,seborrheickeratosis,4,4
seborrheickeratosis/B394b.png,seborrheickeratosis,4,3
seborrheickeratosis/D571.png,seborrheickeratosis,4,4
seborrheickeratosis/D570.png,seborrheickeratosis,4,4
seborrheickeratosis/P170b.png,seborrheickeratosis,4,4
seborrheickeratosis/P188.png,seborrheickeratosis,4,4
seborrheickeratosis/B213a.png,seborrheickeratosis,4,4
seborrheickeratosis/P442a.png,seborrheickeratosis,4,4
seborrheickeratosis/P348c.png,seborrheickeratosis,4,5
seborrheickeratosis/P451.png,seborrheickeratosis,4,5
seborrheickeratosis/P139.png,seborrheickeratosis,4,4
seborrheickeratosis/P44.png,seborrheickeratosis,4,5
seborrheickeratosis/P370c.png,seborrheickeratosis,4,4
seborrheickeratosis/P118.png,seborrheickeratosis,4,4
seborrheickeratosis/A81.png,seborrheickeratosis,4,4
seborrheickeratosis/B36.png,seborrheickeratosis,4,0
seborrheickeratosis/P150.png,seborrheickeratosis,4,4
seborrheickeratosis/B330.png,seborrheickeratosis,4,4
seborrheickeratosis/D704.png,seborrheickeratosis,4,4
seborrheickeratosis/B133b.png,seborrheickeratosis,4,4
seborrheickeratosis/P366a.png,seborrheickeratosis,4,4
seborrheickeratosis/P170c.png,seborrheickeratosis,4,4
seborrheickeratosis/P481.png,seborrheickeratosis,4,4
seborrheickeratosis/B484b.png,seborrheickeratosis,4,4
seborrheickeratosis/P377c.png,seborrheickeratosis,4,5
seborrheickeratosis/B669a.png,seborrheickeratosis,4,4
seborrheickeratosis/B205.png,seborrheickeratosis,4,0
seborrheickeratosis/B696b.png,seborrheickeratosis,4,0
seborrheickeratosis/P158.png,seborrheickeratosis,4,4
seborrheickeratosis/P206b.png,seborrheickeratosis,4,4
seborrheickeratosis/B220.png,seborrheickeratosis,4,1
seborrheickeratosis/D131a.png,seborrheickeratosis,4,4
seborrheickeratosis/P377b.png,seborrheickeratosis,4,5
seborrheickeratosis/D159a.png,seborrheickeratosis,4,4
seborrheickeratosis/D578a.png,seborrheickeratosis,4,4
seborrheickeratosis/B632.png,seborrheickeratosis,4,4
seborrheickeratosis/P3b.png,seborrheickeratosis,4,5
seborrheickeratosis/D647.png,seborrheickeratosis,4,4
seborrheickeratosis/B677e.png,seborrheickeratosis,4,4
seborrheickeratosis/P145b.png,seborrheickeratosis,4,4
seborrheickeratosis/P262.png,seborrheickeratosis,4,4
seborrheickeratosis/D455.png,seborrheickeratosis,4,4
seborrheickeratosis/P465a.png,seborrheickeratosis,4,5
seborrheickeratosis/B475.png,seborrheickeratosis,4,4
seborrheickeratosis/P473d.png,seborrheickeratosis,4,4
seborrheickeratosis/B502b.png,seborrheickeratosis,4,4
seborrheickeratosis/D357b.png,seborrheickeratosis,4,4
seborrheickeratosis/P206a.png,seborrheickeratosis,4,4
seborrheickeratosis/B264a.png,seborrheickeratosis,4,4
seborrheickeratosis/B374.png,seborrheickeratosis,4,5
seborrheickeratosis/P385a.png,seborrheickeratosis,4,5
seborrheickeratosis/P449.png,seborrheickeratosis,4,5
seborrheickeratosis/D415a.png,seborrheickeratosis,4,4
seborrheickeratosis/P349b.png,seborrheickeratosis,4,4
seborrheickeratosis/D420.png,seborrheickeratosis,4,4
seborrheickeratosis/P409a.png,seborrheickeratosis,4,1
seborrheickeratosis/P41.png,seborrheickeratosis,4,4
seborrheickeratosis/P315b.png,seborrheickeratosis,4,4
seborrheickeratosis/D478.png,seborrheickeratosis,4,4
seborrheickeratosis/P409b.png,seborrheickeratosis,4,4
seborrheickeratosis/P420.png,seborrheickeratosis,4,0
seborrheickeratosis/A16.png,seborrheickeratosis,4,4
seborrheickeratosis/P377d.png,seborrheickeratosis,4,3
seborrheickeratosis/B337.png,seborrheickeratosis,4,4
seborrheickeratosis/P210.png,seborrheickeratosis,4,3
seborrheickeratosis/P270a.png,seborrheickeratosis,4,4
seborrheickeratosis/D476.png,seborrheickeratosis,4,3
seborrheickeratosis/B179b.png,seborrheickeratosis,4,1
seborrheickeratosis/P488.png,seborrheickeratosis,4,4
seborrheickeratosis/P427c.png,seborrheickeratosis,4,4
seborrheickeratosis/P282.png,seborrheickeratosis,4,4
seborrheickeratosis/B677d.png,seborrheickeratosis,4,4
seborrheickeratosis/B106.png,seborrheickeratosis,4,4
seborrheickeratosis/D624a.png,seborrheickeratosis,4,4
seborrheickeratosis/P114.png,seborrheickeratosis,4,5
seborrheickeratosis/P371.png,seborrheickeratosis,4,0
seborrheickeratosis/B57.png,seborrheickeratosis,4,0
seborrheickeratosis/B72.png,seborrheickeratosis,4,4
seborrheickeratosis/B563.png,seborrheickeratosis,4,4
seborrheickeratosis/D310.png,seborrheickeratosis,4,4
seborrheickeratosis/D366.png,seborrheickeratosis,4,0
seborrheickeratosis/D181.png,seborrheickeratosis,4,4
seborrheickeratosis/B677b.png,seborrheickeratosis,4,4
seborrheickeratosis/P215b.png,seborrheickeratosis,4,3
seborrheickeratosis/B728d.png,seborrheickeratosis,4,4
seborrheickeratosis/D292a.png,seborrheickeratosis,4,4
seborrheickeratosis/P134.png,seborrheickeratosis,4,4
seborrheickeratosis/B616.png,seborrheickeratosis,4,4
seborrheickeratosis/P356a.png,seborrheickeratosis,4,4
seborrheickeratosis/B551.png,seborrheickeratosis,4,4
seborrheickeratosis/B394d.png,seborrheickeratosis,4,4
seborrheickeratosis/D692.png,seborrheickeratosis,4,5
seborrheickeratosis/D430b.png,seborrheickeratosis,4,0
seborrheickeratosis/B195.png,seborrheickeratosis,4,4
seborrheickeratosis/D434b.png,seborrheickeratosis,4,4
seborrheickeratosis/D232b.png,seborrheickeratosis,4,5
seborrheickeratosis/B308.png,seborrheickeratosis,4,4
seborrheickeratosis/A33a.png,seborrheickeratosis,4,4
seborrheickeratosis/D266.png,seborrheickeratosis,4,1
seborrheickeratosis/P81a.png,seborrheickeratosis,4,4
seborrheickeratosis/D390b.png,seborrheickeratosis,4,4
seborrheickeratosis/D297c.png,seborrheickeratosis,4,4
seborrheickeratosis/B677f.png,seborrheickeratosis,4,4
seborrheickeratosis/P17.png,seborrheickeratosis,4,4
seborrheickeratosis/B398b.png,seborrheickeratosis,4,4
seborrheickeratosis/D340a.png,seborrheickeratosis,4,3
seborrheickeratosis/D623.png,seborrheickeratosis,4,4
basalcellcarcinoma/B211a.png,basalcellcarcinoma,0,0
basalcellcarcinoma/B629.png,basalcellcarcinoma,0,0
basalcellcarcinoma/D273.png,basalcellcarcinoma,0,0
basalcellcarcinoma/D638.png,basalcellcarcinoma,0,0
basalcellcarcinoma/A74.png,basalcellcarcinoma,0,0
basalcellcarcinoma/P469a.png,basalcellcarcinoma,0,0
basalcellcarcinoma/P225.png,basalcellcarcinoma,0,0
basalcellcarcinoma/P504.png,basalcellcarcinoma,0,0
basalcellcarcinoma/B264b.png,basalcellcarcinoma,0,0
basalcellcarcinoma/P91.png,basalcellcarcinoma,0,0
basalcellcarcinoma/A42a.png,basalcellcarcinoma,0,0
basalcellcarcinoma/D416.png,basalcellcarcinoma,0,0
basalcellcarcinoma/B506.png,basalcellcarcinoma,0,0
basalcellcarcinoma/D297a.png,basalcellcarcinoma,0,0
basalcellcarcinoma/A72.png,basalcellcarcinoma,0,0
basalcellcarcinoma/D454.png,basalcellcarcinoma,0,0
basalcellcarcinoma/B321.png,basalcellcarcinoma,0,0
basalcellcarcinoma/B211b.png,basalcellcarcinoma,0,5
basalcellcarcinoma/P185.png,basalcellcarcinoma,0,0
basalcellcarcinoma/D594.png,basalcellcarcinoma,0,0
basalcellcarcinoma/D257.png,basalcellcarcinoma,0,5
basalcellcarcinoma/A104.png,basalcellcarcinoma,0,0
basalcellcarcinoma/B536.png,basalcellcarcinoma,0,2
basalcellcarcinoma/D547b.png,basalcellcarcinoma,0,0
basalcellcarcinoma/B413.png,basalcellcarcinoma,0,0
basalcellcarcinoma/D669.png,basalcellcarcinoma,0,0
basalcellcarcinoma/P387.png,basalcellcarcinoma,0,0
basalcellcarcinoma/P110.png,basalcellcarcinoma,0,0
basalcellcarcinoma/B260.png,basalcellcarcinoma,0,0
basalcellcarcinoma/B729a.png,basalcellcarcinoma,0,0
basalcellcarcinoma/P305.png,basalcellcarcinoma,0,0
basalcellcarcinoma/B334.png,basalcellcarcinoma,0,0
basalcellcarcinoma/D662.png,basalcellcarcinoma,0,3
basalcellcarcinoma/B448.png,basalcellcarcinoma,0,0
basalcellcarcinoma/P193a.png,basalcellcarcinoma,0,0
basalcellcarcinoma/P467.png,basalcellcarcinoma,0,0
basalcellcarcinoma/D517b.png,basalcellcarcinoma,0,0
basalcellcarcinoma/D700a.png,basalcellcarcinoma,0,0
basalcellcarcinoma/B594.png,basalcellcarcinoma,0,0
basalcellcarcinoma/D706.png,basalcellcarcinoma,0,2
basalcellcarcinoma/D333.png,basalcellcarcinoma,0,0
basalcellcarcinoma/D263b.png,basalcellcarcinoma,0,0
basalcellcarcinoma/B625.png,basalcellcarcinoma,0,0
basalcellcarcinoma/P113.png,basalcellcarcinoma,0,0
basalcellcarcinoma/D529a.png,basalcellcarcinoma,0,0
basalcellcarcinoma/D355.png,basalcellcarcinoma,0,2
basalcellcarcinoma/B174.png,basalcellcarcinoma,0,3
basalcellcarcinoma/D296.png,basalcellcarcinoma,0,0
basalcellcarcinoma/D399.png,basalcellcarcinoma,0,0
basalcellcarcinoma/P429.png,basalcellcarcinoma,0,0
basalcellcarcinoma/D673.png,basalcellcarcinoma,0,0
basalcellcarcinoma/B95a.png,basalcellcarcinoma,0,0
basalcellcarcinoma/P484b.png,basalcellcarcinoma,0,0
basalcellcarcinoma/D232a.png,basalcellcarcinoma,0,3
basalcellcarcinoma/D632.png,basalcellcarcinoma,0,0
basalcellcarcinoma/B34.png,basalcellcarcinoma,0,0
basalcellcarcinoma/D663b.png,basalcellcarcinoma,0,0
basalcellcarcinoma/D245.png,basalcellcarcinoma,0,2
basalcellcarcinoma/P455.png,basalcellcarcinoma,0,0
basalcellcarcinoma/P482.png,basalcellcarcinoma,0,5
basalcellcarcinoma/P40.png,basalcellcarcinoma,0,0
basalcellcarcinoma/A28.png,basalcellcarcinoma,0,0
basalcellcarcinoma/B85a.png,basalcellcarcinoma,0,0
basalcellcarcinoma/D589a.png,basalcellcarcinoma,0,0
basalcellcarcinoma/D433.png,basalcellcarcinoma,0,0
basalcellcarcinoma/P370a.png,basalcellcarcinoma,0,0
basalcellcarcinoma/B576a.png,basalcellcarcinoma,0,0
basalcellcarcinoma/D403.png,basalcellcarcinoma,0,0
basalcellcarcinoma/B525.png,basalcellcarcinoma,0,0
basalcellcarcinoma/B517.png,basalcellcarcinoma,0,0
basalcellcarcinoma/B276.png,basalcellcarcinoma,0,0
basalcellcarcinoma/B6.png,basalcellcarcinoma,0,0
basalcellcarcinoma/D490.png,basalcellcarcinoma,0,0
basalcellcarcinoma/D592.png,basalcellcarcinoma,0,0
basalcellcarcinoma/B655c.png,basalcellcarcinoma,0,0
basalcellcarcinoma/P227b.png,basalcellcarcinoma,0,0
basalcellcarcinoma/A38.png,basalcellcarcinoma,0,0
basalcellcarcinoma/P411.png,basalcellcarcinoma,0,4
basalcellcarcinoma/B770b.png,basalcellcarcinoma,0,5
basalcellcarcinoma/D344.png,basalcellcarcinoma,0,0
basalcellcarcinoma/P15b.png,basalcellcarcinoma,0,0
basalcellcarcinoma/B131b.png,basalcellcarcinoma,0,0
basalcellcarcinoma/B653.png,basalcellcarcinoma,0,0
basalcellcarcinoma/D642.png,basalcellcarcinoma,0,0
basalcellcarcinoma/B522a.png,basalcellcarcinoma,0,3
basalcellcarcinoma/B785.png,basalcellcarcinoma,0,4
basalcellcarcinoma/B132.png,basalcellcarcinoma,0,0
basalcellcarcinoma/P324.png,basalcellcarcinoma,0,0
basalcellcarcinoma/D288.png,basalcellcarcinoma,0,0
basalcellcarcinoma/P379.png,basalcellcarcinoma,0,0
basalcellcarcinoma/P89.png,basalcellcarcinoma,0,0
basalcellcarcinoma/D414a.png,basalcellcarcinoma,0,0
basalcellcarcinoma/B476.png,basalcellcarcinoma,0,0
basalcellcarcinoma/B188.png,basalcellcarcinoma,0,0
basalcellcarcinoma/D573.png,basalcellcarcinoma,0,0
basalcellcarcinoma/D532b.png,basalcellcarcinoma,0,0
basalcellcarcinoma/B652.png,basalcellcarcinoma,0,0
basalcellcarcinoma/D479.png,basalcellcarcinoma,0,0
basalcellcarcinoma/D312.png,basalcellcarcinoma,0,0
basalcellcarcinoma/D707.png,basalcellcarcinoma,0,0
basalcellcarcinoma/D674.png,basalcellcarcinoma,0,0
basalcellcarcinoma/B763.png,basalcellcarcinoma,0,0
basalcellcarcinoma/B718.png,basalcellcarcinoma,0,0
basalcellcarcinoma/P490.png,basalcellcarcinoma,0,0
basalcellcarcinoma/D693.png,basalcellcarcinoma,0,0
basalcellcarcinoma/P102.png,basalcellcarcinoma,0,0
basalcellcarcinoma/A122d.png,basalcellcarcinoma,0,0
basalcellcarcinoma/P223.png,basalcellcarcinoma,0,0
basalcellcarcinoma/D531.png,basalcellcarcinoma,0,0
basalcellcarcinoma/B417.png,basalcellcarcinoma,0,0
basalcellcarcinoma/P149.png,basalcellcarcinoma,0,0
basalcellcarcinoma/P415.png,basalcellcarcinoma,0,0
basalcellcarcinoma/B325.png,basalcellcarcinoma,0,0
basalcellcarcinoma/D731.png,basalcellcarcinoma,0,0
basalcellcarcinoma/P119.png,basalcellcarcinoma,0,0
basalcellcarcinoma/P279.png,basalcellcarcinoma,0,0
basalcellcarcinoma/B258.png,basalcellcarcinoma,0,3
basalcellcarcinoma/A30.png,basalcellcarcinoma,0,0
basalcellcarcinoma/B521.png,basalcellcarcinoma,0,4
basalcellcarcinoma/P39.png,basalcellcarcinoma,0,0
basalcellcarcinoma/P146b.png,basalcellcarcinoma,0,3
basalcellcarcinoma/P325.png,basalcellcarcinoma,0,5
basalcellcarcinoma/P141.png,basalcellcarcinoma,0,0
basalcellcarcinoma/P117.png,basalcellcarcinoma,0,0
basalcellcarcinoma/P453b.png,basalcellcarcinoma,0,0
basalcellcarcinoma/D444.png,basalcellcarcinoma,0,0
basalcellcarcinoma/B143.png,basalcellcarcinoma,0,4
basalcellcarcinoma/D565.png,basalcellcarcinoma,0,0
basalcellcarcinoma/D539.png,basalcellcarcinoma,0,0
basalcellcarcinoma/B711.png,basalcellcarcinoma,0,0
basalcellcarcinoma/D204a.png,basalcellcarcinoma,0,0
basalcellcarcinoma/D449b.png,basalcellcarcinoma,0,3
basalcellcarcinoma/B104a.png,basalcellcarcinoma,0,0
basalcellcarcinoma/D698a.png,basalcellcarcinoma,0,0
basalcellcarcinoma/D408.png,basalcellcarcinoma,0,0
basalcellcarcinoma/D631.png,basalcellcarcinoma,0,0
basalcellcarcinoma/D168.png,basalcellcarcinoma,0,0
basalcellcarcinoma/D501.png,basalcellcarcinoma,0,0
basalcellcarcinoma/P234.png,basalcellcarcinoma,0,0
basalcellcarcinoma/B217a.png,basalcellcarcinoma,0,0
basalcellcarcinoma/P86a.png,basalcellcarcinoma,0,0
basalcellcarcinoma/B310.png,basalcellcarcinoma,0,0
basalcellcarcinoma/A44.png,basalcellcarcinoma,0,0
basalcellcarcinoma/P453a.png,basalcellcarcinoma,0,0
basalcellcarcinoma/B61.png,basalcellcarcinoma,0,0
basalcellcarcinoma/B116.png,basalcellcarcinoma,0,0
basalcellcarcinoma/P72.png,basalcellcarcinoma,0,0
basalcellcarcinoma/D511.png,basalcellcarcinoma,0,0
basalcellcarcinoma/P194a.png,basalcellcarcinoma,0,0
basalcellcarcinoma/B707a.png,basalcellcarcinoma,0,0
basalcellcarcinoma/B383.png,basalcellcarcinoma,0,0
basalcellcarcinoma/D410.png,basalcellcarcinoma,0,0
basalcellcarcinoma/P108b.png,basalcellcarcinoma,0,0
basalcellcarcinoma/P483.png,basalcellcarcinoma,0,0
basalcellcarcinoma/D161a.png,basalcellcarcinoma,0,0
basalcellcarcinoma/B512.png,basalcellcarcinoma,0,0
basalcellcarcinoma/D407.png,basalcellcarcinoma,0,3
basalcellcarcinoma/D499.png,basalcellcarcinoma,0,0
basalcellcarcinoma/D598.png,basalcellcarcinoma,0,0
basalcellcarcinoma/D194.png,basalcellcarcinoma,0,0
basalcellcarcinoma/B656.png,basalcellcarcinoma,0,0
basalcellcarcinoma/D185.png,basalcellcarcinoma,0,4
basalcellcarcinoma/P60.png,basalcellcarcinoma,0,0
basalcellcarcinoma/B482.png,basalcellcarcinoma,0,0
basalcellcarcinoma/P140b.png,basalcellcarcinoma,0,0
basalcellcarcinoma/D315.png,basalcellcarcinoma,0,0
basalcellcarcinoma/D448.png,basalcellcarcinoma,0,0
basalcellcarcinoma/B59.png,basalcellcarcinoma,0,0
basalcellcarcinoma/B414.png,basalcellcarcinoma,0,0
basalcellcarcinoma/D254.png,basalcellcarcinoma,0,0
basalcellcarcinoma/B176.png,basalcellcarcinoma,0,0
basalcellcarcinoma/B483.png,basalcellcarcinoma,0,0
basalcellcarcinoma/P194c.png,basalcellcarcinoma,0,0
basalcellcarcinoma/D110.png,basalcellcarcinoma,0,0
basalcellcarcinoma/B155.png,basalcellcarcinoma,0,4
basalcellcarcinoma/P316.png,basalcellcarcinoma,0,0
basalcellcarcinoma/B191b.png,basalcellcarcinoma,0,0
basalcellcarcinoma/D283.png,basalcellcarcinoma,0,0
basalcellcarcinoma/B665.png,basalcellcarcinoma,0,0
basalcellcarcinoma/B360.png,basalcellcarcinoma,0,0
basalcellcarcinoma/B299.png,basalcellcarcinoma,0,0
basalcellcarcinoma/P162a.png,basalcellcarcinoma,0,0
basalcellcarcinoma/P351b.png,basalcellcarcinoma,0,0
basalcellcarcinoma/D695a.png,basalcellcarcinoma,0,0
basalcellcarcinoma/A48.png,basalcellcarcinoma,0,0
basalcellcarcinoma/P197a.png,basalcellcarcinoma,0,0
basalcellcarcinoma/P28a.png,basalcellcarcinoma,0,0
basalcellcarcinoma/B404.png,basalcellcarcinoma,0,0
basalcellcarcinoma/B581.png,basalcellcarcinoma,0,0
basalcellcarcinoma/P484a.png,basalcellcarcinoma,0,0
basalcellcarcinoma/D584.png,basalcellcarcinoma,0,0
basalcellcarcinoma/A117.png,basalcellcarcinoma,0,0
basalcellcarcinoma/D489.png,basalcellcarcinoma,0,0
basalcellcarcinoma/P296.png,basalcellcarcinoma,0,0
basalcellcarcinoma/D370b.png,basalcellcarcinoma,0,0
basalcellcarcinoma/D646.png,basalcellcarcinoma,0,0
basalcellcarcinoma/B440.png,basalcellcarcinoma,0,0
basalcellcarcinoma/B259a.png,basalcellcarcinoma,0,5
basalcellcarcinoma/B363.png,basalcellcarcinoma,0,0
basalcellcarcinoma/B624.png,basalcellcarcinoma,0,0
basalcellcarcinoma/D652.png,basalcellcarcinoma,0,0
basalcellcarcinoma/D447.png,basalcellcarcinoma,0,0
basalcellcarcinoma/A127.png,basalcellcarcinoma,0,0
basalcellcarcinoma/D472.png,basalcellcarcinoma,0,0
basalcellcarcinoma/P121.png,basalcellcarcinoma,0,0
basalcellcarcinoma/B391.png,basalcellcarcinoma,0,0
basalcellcarcinoma/B433a.png,basalcellcarcinoma,0,0
basalcellcarcinoma/D422.png,basalcellcarcinoma,0,0
basalcellcarcinoma/B509c.png,basalcellcarcinoma,0,0
basalcellcarcinoma/A47.png,basalcellcarcinoma,0,0
basalcellcarcinoma/B664.png,basalcellcarcinoma,0,5
basalcellcarcinoma/D522.png,basalcellcarcinoma,0,0
basalcellcarcinoma/A52a.png,basalcellcarcinoma,0,0
basalcellcarcinoma/D702.png,basalcellcarcinoma,0,0
basalcellcarcinoma/P187.png,basalcellcarcinoma,0,0
basalcellcarcinoma/P96.png,basalcellcarcinoma,0,5
basalcellcarcinoma/P36.png,basalcellcarcinoma,0,0
basalcellcarcinoma/P243b.png,basalcellcarcinoma,0,0
basalcellcarcinoma/P51.png,basalcellcarcinoma,0,5
basalcellcarcinoma/D268.png,basalcellcarcinoma,0,0
basalcellcarcinoma/D285.png,basalcellcarcinoma,0,0
basalcellcarcinoma/A61.png,basalcellcarcinoma,0,0
basalcellcarcinoma/D453.png,basalcellcarcinoma,0,3
basalcellcarcinoma/D538.png,basalcellcarcinoma,0,0
basalcellcarcinoma/D280.png,basalcellcarcinoma,0,5
basalcellcarcinoma/D519a.png,basalcellcarcinoma,0,0
basalcellcarcinoma/D192.png,basalcellcarcinoma,0,0
basalcellcarcinoma/D436.png,basalcellcarcinoma,0,0
basalcellcarcinoma/D670a.png,basalcellcarcinoma,0,0
basalcellcarcinoma/B386.png,basalcellcarcinoma,0,0
basalcellcarcinoma/P167.png,basalcellcarcinoma,0,0
basalcellcarcinoma/P140a.png,basalcellcarcinoma,0,0
basalcellcarcinoma/B32.png,basalcellcarcinoma,0,0
basalcellcarcinoma/B218.png,basalcellcarcinoma,0,0
basalcellcarcinoma/A24.png,basalcellcarcinoma,0,0
basalcellcarcinoma/B184.png,basalcellcarcinoma,0,0
basalcellcarcinoma/B462.png,basalcellcarcinoma,0,0
basalcellcarcinoma/D450.png,basalcellcarcinoma,0,0
basalcellcarcinoma/P281.png,basalcellcarcinoma,0,0
malignantmelanoma/P352b.png,malignantmelanoma,2,3
malignantmelanoma/P413.png,malignantmelanoma,2,2
malignantmelanoma/B40.png,malignantmelanoma,2,2
malignantmelanoma/G55.png,malignantmelanoma,2,0
malignantmelanoma/C359.png,malignantmelanoma,2,4
malignantmelanoma/C367.png,malignantmelanoma,2,1
malignantmelanoma/B65.png,malignantmelanoma,2,3
malignantmelanoma/T87.png,malignantmelanoma,2,2
malignantmelanoma/C311b.png,malignantmelanoma,2,2
malignantmelanoma/D630.png,malignantmelanoma,2,3
malignantmelanoma/C76.png,malignantmelanoma,2,3
malignantmelanoma/B960.png,malignantmelanoma,2,2
malignantmelanoma/A96.png,malignantmelanoma,2,5
malignantmelanoma/C312.png,malignantmelanoma,2,1
malignantmelanoma/T201c.png,malignantmelanoma,2,2
malignantmelanoma/T80a.png,malignantmelanoma,2,1
malignantmelanoma/B1154.png,malignantmelanoma,2,3
malignantmelanoma/A92.png,malignantmelanoma,2,0
malignantmelanoma/C159a.png,malignantmelanoma,2,1
malignantmelanoma/T233a.png,malignantmelanoma,2,2
malignantmelanoma/C350.png,malignantmelanoma,2,4
malignantmelanoma/D186.png,malignantmelanoma,2,1
malignantmelanoma/B496a.png,malignantmelanoma,2,4
malignantmelanoma/D718.png,malignantmelanoma,2,3
malignantmelanoma/B1052.png,malignantmelanoma,2,3
malignantmelanoma/C309.png,malignantmelanoma,2,2
malignantmelanoma/C377a.png,malignantmelanoma,2,1
malignantmelanoma/D574c.png,malignantmelanoma,2,5
malignantmelanoma/B28.png,malignantmelanoma,2,4
malignantmelanoma/D39.png,malignantmelanoma,2,3
malignantmelanoma/B302.png,malignantmelanoma,2,3
malignantmelanoma/D143.png,malignantmelanoma,2,2
malignantmelanoma/P352a.png,malignantmelanoma,2,2
malignantmelanoma/C146.png,malignantmelanoma,2,3
malignantmelanoma/C158.png,malignantmelanoma,2,3
malignantmelanoma/C11.png,malignantmelanoma,2,2
malignantmelanoma/B8.png,malignantmelanoma,2,2
malignantmelanoma/B759.png,malignantmelanoma,2,2
malignantmelanoma/C145.png,malignantmelanoma,2,1
malignantmelanoma/D717.png,malignantmelanoma,2,3
malignantmelanoma/B289.png,malignantmelanoma,2,2
malignantmelanoma/B455.png,malignantmelanoma,2,3
malignantmelanoma/P494.png,malignantmelanoma,2,0
malignantmelanoma/C161.png,malignantmelanoma,2,3
malignantmelanoma/B353a.png,malignantmelanoma,2,3
malignantmelanoma/B314.png,malignantmelanoma,2,0
malignantmelanoma/B548.png,malignantmelanoma,2,2
malignantmelanoma/B1086a.png,malignantmelanoma,2,1
malignantmelanoma/B981.png,malignantmelanoma,2,1
malignantmelanoma/B621.png,malignantmelanoma,2,5
malignantmelanoma/D332.png,malignantmelanoma,2,5
malignantmelanoma/P446.png,malignantmelanoma,2,3
malignantmelanoma/T86b.png,malignantmelanoma,2,3
malignantmelanoma/T33.png,malignantmelanoma,2,2
malignantmelanoma/C149.png,malignantmelanoma,2,0
malignantmelanoma/B284.png,malignantmelanoma,2,2
malignantmelanoma/B287.png,malignantmelanoma,2,2
malignantmelanoma/B241.png,malignantmelanoma,2,3
malignantmelanoma/D177.png,malignantmelanoma,2,5
malignantmelanoma/C263a.png,malignantmelanoma,2,3
malignantmelanoma/P346.png,malignantmelanoma,2,3
malignantmelanoma/C279.png,malignantmelanoma,2,3
malignantmelanoma/B1139.png,malignantmelanoma,2,3
malignantmelanoma/C227a.png,malignantmelanoma,2,2
malignantmelanoma/C227b.png,malignantmelanoma,2,1
malignantmelanoma/C46.png,malignantmelanoma,2,2
malignantmelanoma/B472a.png,malignantmelanoma,2,3
malignantmelanoma/C382.png,malignantmelanoma,2,0
malignantmelanoma/B1067.png,malignantmelanoma,2,1
malignantmelanoma/C143.png,malignantmelanoma,2,3
malignantmelanoma/B1075.png,malignantmelanoma,2,0
malignantmelanoma/B964.png,malignantmelanoma,2,2
malignantmelanoma/C152.png,malignantmelanoma,2,2
malignantmelanoma/C201.png,malignantmelanoma,2,3
malignantmelanoma/D678.png,malignantmelanoma,2,4
malignantmelanoma/D265b.png,malignantmelanoma,2,5
pigmentednevus/B339b.png,pigmentednevus,3,3
pigmentednevus/D291a.png,pigmentednevus,3,3
pigmentednevus/B169a.png,pigmentednevus,3,4
pigmentednevus/P487c.png,pigmentednevus,3,3
pigmentednevus/B102a.png,pigmentednevus,3,3
pigmentednevus/D492.png,pigmentednevus,3,3
pigmentednevus/P75b.png,pigmentednevus,3,0
pigmentednevus/B359.png,pigmentednevus,3,3
pigmentednevus/D723a.png,pigmentednevus,3,3
pigmentednevus/P257.png,pigmentednevus,3,3
pigmentednevus/B721c.png,pigmentednevus,3,3
pigmentednevus/B275a.png,pigmentednevus,3,3
pigmentednevus/P20.png,pigmentednevus,3,3
pigmentednevus/P97b.png,pigmentednevus,3,3
pigmentednevus/P199.png,pigmentednevus,3,3
pigmentednevus/P376d.png,pigmentednevus,3,3
pigmentednevus/B350a.png,pigmentednevus,3,3
pigmentednevus/D384.png,pigmentednevus,3,4
pigmentednevus/P404b.png,pigmentednevus,3,3
pigmentednevus/P509c.png,pigmentednevus,3,3
pigmentednevus/B508.png,pigmentednevus,3,3
pigmentednevus/B91b.png,pigmentednevus,3,3
pigmentednevus/P275a.png,pigmentednevus,3,3
pigmentednevus/D567b.png,pigmentednevus,3,3
pigmentednevus/P49.png,pigmentednevus,3,4
pigmentednevus/P174.png,pigmentednevus,3,3
pigmentednevus/P454b.png,pigmentednevus,3,3
pigmentednevus/B139.png,pigmentednevus,3,3
pigmentednevus/B371.png,pigmentednevus,3,3
pigmentednevus/D720.png,pigmentednevus,3,4
pigmentednevus/D124.png,pigmentednevus,3,3
pigmentednevus/B721b.png,pigmentednevus,3,3
pigmentednevus/B580.png,pigmentednevus,3,3
pigmentednevus/B612b.png,pigmentednevus,3,3
pigmentednevus/D324.png,pigmentednevus,3,3
pigmentednevus/D726a.png,pigmentednevus,3,4
pigmentednevus/P306f.png,pigmentednevus,3,3
pigmentednevus/D526b.png,pigmentednevus,3,3
pigmentednevus/B125c.png,pigmentednevus,3,3
pigmentednevus/B585.png,pigmentednevus,3,3
pigmentednevus/P256b.png,pigmentednevus,3,3
pigmentednevus/P472.png,pigmentednevus,3,3
pigmentednevus/B379a.png,pigmentednevus,3,3
pigmentednevus/B485.png,pigmentednevus,3,3
pigmentednevus/B672b.png,pigmentednevus,3,3
pigmentednevus/P209a.png,pigmentednevus,3,3
pigmentednevus/P304a.png,pigmentednevus,3,3
pigmentednevus/P273e.png,pigmentednevus,3,3
pigmentednevus/P337d.png,pigmentednevus,3,3
pigmentednevus/D561.png,pigmentednevus,3,0
pigmentednevus/P505e.png,pigmentednevus,3,3
pigmentednevus/B522b.png,pigmentednevus,3,3
pigmentednevus/B543.png,pigmentednevus,3,4
pigmentednevus/D721.png,pigmentednevus,3,4
pigmentednevus/A91b.png,pigmentednevus,3,5
pigmentednevus/P454d.png,pigmentednevus,3,3
pigmentednevus/B354b.png,pigmentednevus,3,2
pigmentednevus/P489.png,pigmentednevus,3,3
pigmentednevus/P407c.png,pigmentednevus,3,3
pigmentednevus/B447a.png,pigmentednevus,3,3
pigmentednevus/P337f.png,pigmentednevus,3,3
pigmentednevus/P273d.png,pigmentednevus,3,3
pigmentednevus/P45c.png,pigmentednevus,3,3
pigmentednevus/D726e.png,pigmentednevus,3,3
pigmentednevus/P407d.png,pigmentednevus,3,3
pigmentednevus/A8d.png,pigmentednevus,3,3
pigmentednevus/P130a.png,pigmentednevus,3,0
pigmentednevus/B98.png,pigmentednevus,3,3
pigmentednevus/P384c.png,pigmentednevus,3,3
pigmentednevus/B52a.png,pigmentednevus,3,3
pigmentednevus/D596.png,pigmentednevus,3,0
pigmentednevus/B472b.png,pigmentednevus,3,3
pigmentednevus/B489.png,pigmentednevus,3,3
pigmentednevus/P79.png,pigmentednevus,3,4
pigmentednevus/D227.png,pigmentednevus,3,5
pigmentednevus/D226b.png,pigmentednevus,3,3
pigmentednevus/B591a.png,pigmentednevus,3,3
pigmentednevus/P404a.png,pigmentednevus,3,3
pigmentednevus/P384a.png,pigmentednevus,3,2
pigmentednevus/B91c.png,pigmentednevus,3,3
pigmentednevus/P53b.png,pigmentednevus,3,3
pigmentednevus/D176b.png,pigmentednevus,3,0
pigmentednevus/A21b.png,pigmentednevus,3,3
pigmentednevus/B350c.png,pigmentednevus,3,3
pigmentednevus/B293e.png,pigmentednevus,3,3
pigmentednevus/P365e.png,pigmentednevus,3,4
pigmentednevus/D572.png,pigmentednevus,3,4
pigmentednevus/A123.png,pigmentednevus,3,0
pigmentednevus/B66c.png,pigmentednevus,3,3
pigmentednevus/P179a.png,pigmentednevus,3,5
pigmentednevus/A8c.png,pigmentednevus,3,4
pigmentednevus/B574.png,pigmentednevus,3,3
pigmentednevus/P238.png,pigmentednevus,3,3
pigmentednevus/P273c.png,pigmentednevus,3,3
pigmentednevus/B152c.png,pigmentednevus,3,3
pigmentednevus/A121c.png,pigmentednevus,3,3
pigmentednevus/P502.png,pigmentednevus,3,3
pigmentednevus/D567a.png,pigmentednevus,3,4
pigmentednevus/P367a.png,pigmentednevus,3,3
pigmentednevus/A8e.png,pigmentednevus,3,3
pigmentednevus/P392.png,pigmentednevus,3,3
pigmentednevus/B13.png,pigmentednevus,3,3
pigmentednevus/P306a.png,pigmentednevus,3,3
pigmentednevus/D284a.png,pigmentednevus,3,3
pigmentednevus/P4a.png,pigmentednevus,3,4
pigmentednevus/B721a.png,pigmentednevus,3,3
pigmentednevus/P177a.png,pigmentednevus,3,3
pigmentednevus/B457a.png,pigmentednevus,3,3
pigmentednevus/P475.png,pigmentednevus,3,2
pigmentednevus/B339a.png,pigmentednevus,3,3
pigmentednevus/B277.png,pigmentednevus,3,3
pigmentednevus/B564.png,pigmentednevus,3,0
pigmentednevus/B578.png,pigmentednevus,3,3
pigmentednevus/B607.png,pigmentednevus,3,3
pigmentednevus/D419.png,pigmentednevus,3,3
pigmentednevus/B202b.png,pigmentednevus,3,3
pigmentednevus/B350d.png,pigmentednevus,3,3
pigmentednevus/P435a.png,pigmentednevus,3,3
pigmentednevus/P505b.png,pigmentednevus,3,3
pigmentednevus/P271e.png,pigmentednevus,3,3
pigmentednevus/D626.png,pigmentednevus,3,3
pigmentednevus/B356.png,pigmentednevus,3,3
pigmentednevus/P407b.png,pigmentednevus,3,4
pigmentednevus/P92.png,pigmentednevus,3,3
pigmentednevus/D427b.png,pigmentednevus,3,4
pigmentednevus/P354a.png,pigmentednevus,3,3
pigmentednevus/B275b.png,pigmentednevus,3,3
pigmentednevus/P18.png,pigmentednevus,3,2
pigmentednevus/P126b.png,pigmentednevus,3,3
pigmentednevus/B654c.png,pigmentednevus,3,3
pigmentednevus/P88b.png,pigmentednevus,3,3
pigmentednevus/D144.png,pigmentednevus,3,3
pigmentednevus/B774a.png,pigmentednevus,3,3
pigmentednevus/P2.png,pigmentednevus,3,3
pigmentednevus/D133b.png,pigmentednevus,3,3
pigmentednevus/P384b.png,pigmentednevus,3,3
pigmentednevus/D427a.png,pigmentednevus,3,3
pigmentednevus/P57.png,pigmentednevus,3,4
pigmentednevus/B357.png,pigmentednevus,3,3
pigmentednevus/A7g.png,pigmentednevus,3,3
pigmentednevus/B549c.png,pigmentednevus,3,3
pigmentednevus/P67a.png,pigmentednevus,3,3
pigmentednevus/P45a.png,pigmentednevus,3,3
pigmentednevus/P58.png,pigmentednevus,3,3
pigmentednevus/D249b.png,pigmentednevus,3,4
pigmentednevus/D682a.png,pigmentednevus,3,3
pigmentednevus/B17a.png,pigmentednevus,3,3
pigmentednevus/B429b.png,pigmentednevus,3,3
pigmentednevus/A90.png,pigmentednevus,3,4
pigmentednevus/D726c.png,pigmentednevus,3,3
pigmentednevus/B477a.png,pigmentednevus,3,4
pigmentednevus/D239a.png,pigmentednevus,3,3
pigmentednevus/B355b.png,pigmentednevus,3,3
pigmentednevus/D426.png,pigmentednevus,3,3
pigmentednevus/B288.png,pigmentednevus,3,3
pigmentednevus/P342.png,pigmentednevus,3,3
pigmentednevus/B157.png,pigmentednevus,3,4
pigmentednevus/P271d.png,pigmentednevus,3,3
pigmentednevus/B197c.png,pigmentednevus,3,3
pigmentednevus/P435b.png,pigmentednevus,3,3
pigmentednevus/B361a.png,pigmentednevus,3,3
pigmentednevus/B293b.png,pigmentednevus,3,3
pigmentednevus/D339.png,pigmentednevus,3,3
pigmentednevus/D193a.png,pigmentednevus,3,0
pigmentednevus/P373c.png,pigmentednevus,3,3
pigmentednevus/B444.png,pigmentednevus,3,3
pigmentednevus/D340b.png,pigmentednevus,3,3
pigmentednevus/D169a.png,pigmentednevus,3,3
pigmentednevus/P432.png,pigmentednevus,3,3
pigmentednevus/D374.png,pigmentednevus,3,4
pigmentednevus/D105.png,pigmentednevus,3,3
pigmentednevus/B379b.png,pigmentednevus,3,3
pigmentednevus/P55.png,pigmentednevus,3,3
pigmentednevus/D107.png,pigmentednevus,3,3
pigmentednevus/P407e.png,pigmentednevus,3,3
pigmentednevus/B52c.png,pigmentednevus,3,3
pigmentednevus/P454f.png,pigmentednevus,3,3
pigmentednevus/D564.png,pigmentednevus,3,3
pigmentednevus/P249a.png,pigmentednevus,3,3
pigmentednevus/D671.png,pigmentednevus,3,4
pigmentednevus/D395.png,pigmentednevus,3,3
pigmentednevus/P477.png,pigmentednevus,3,3
pigmentednevus/P382a.png,pigmentednevus,3,3
pigmentednevus/P404c.png,pigmentednevus,3,3
pigmentednevus/P75a.png,pigmentednevus,3,3
pigmentednevus/P81b.png,pigmentednevus,3,0
pigmentednevus/A112b.png,pigmentednevus,3,0
pigmentednevus/B598c.png,pigmentednevus,3,5
pigmentednevus/P454c.png,pigmentednevus,3,3
pigmentednevus/P382b.png,pigmentednevus,3,5
pigmentednevus/B197d.png,pigmentednevus,3,3
pigmentednevus/B355a.png,pigmentednevus,3,3
pigmentednevus/P505a.png,pigmentednevus,3,3
pigmentednevus/D209.png,pigmentednevus,3,3
pigmentednevus/P337a.png,pigmentednevus,3,3
pigmentednevus/B355c.png,pigmentednevus,3,3
pigmentednevus/D291b.png,pigmentednevus,3,3
pigmentednevus/P505c.png,pigmentednevus,3,3
pigmentednevus/B52b.png,pigmentednevus,3,3
pigmentednevus/P291.png,pigmentednevus,3,3
pigmentednevus/P275d.png,pigmentednevus,3,3
pigmentednevus/B669b.png,pigmentednevus,3,4
pigmentednevus/P487d.png,pigmentednevus,3,3
pigmentednevus/P45b.png,pigmentednevus,3,3
pigmentednevus/P180a.png,pigmentednevus,3,5
pigmentednevus/B89c.png,pigmentednevus,3,3
pigmentednevus/B328b.png,pigmentednevus,3,3
pigmentednevus/P125.png,pigmentednevus,3,4
pigmentednevus/D239b.png,pigmentednevus,3,3
pigmentednevus/P54.png,pigmentednevus,3,4
pigmentednevus/P29b.png,pigmentednevus,3,0
pigmentednevus/D155b.png,pigmentednevus,3,3
pigmentednevus/P407a.png,pigmentednevus,3,0
pigmentednevus/P341a.png,pigmentednevus,3,3
pigmentednevus/P417.png,pigmentednevus,3,4
pigmentednevus/D651.png,pigmentednevus,3,3
pigmentednevus/D722.png,pigmentednevus,3,3
pigmentednevus/D262b.png,pigmentednevus,3,3
pigmentednevus/P436.png,pigmentednevus,3,0
pigmentednevus/P196.png,pigmentednevus,3,3
pigmentednevus/D354b.png,pigmentednevus,3,3
pigmentednevus/P367e.png,pigmentednevus,3,3
pigmentednevus/B69b.png,pigmentednevus,3,3
pigmentednevus/P275e.png,pigmentednevus,3,3
pigmentednevus/P115.png,pigmentednevus,3,4
pigmentednevus/B591b.png,pigmentednevus,3,3
pigmentednevus/B17f.png,pigmentednevus,3,3
pigmentednevus/P337b.png,pigmentednevus,3,3
pigmentednevus/B654a.png,pigmentednevus,3,3
pigmentednevus/D284b.png,pigmentednevus,3,3
pigmentednevus/D607.png,pigmentednevus,3,5
pigmentednevus/P275b.png,pigmentednevus,3,3
pigmentednevus/B183.png,pigmentednevus,3,3
pigmentednevus/A27.png,pigmentednevus,3,0
pigmentednevus/B102d.png,pigmentednevus,3,4
pigmentednevus/A2b.png,pigmentednevus,3,3
pigmentednevus/P347c.png,pigmentednevus,3,3
pigmentednevus/D412a.png,pigmentednevus,3,3
pigmentednevus/D385.png,pigmentednevus,3,3
pigmentednevus/B561.png,pigmentednevus,3,3
pigmentednevus/D244.png,pigmentednevus,3,3
pigmentednevus/P354b.png,pigmentednevus,3,4
pigmentednevus/D386.png,pigmentednevus,3,3
pigmentednevus/P237a.png,pigmentednevus,3,3
pigmentednevus/D463.png,pigmentednevus,3,4
pigmentednevus/D604.png,pigmentednevus,3,3
pigmentednevus/P271f.png,pigmentednevus,3,3
pigmentednevus/B311c.png,pigmentednevus,3,3
pigmentednevus/P30a.png,pigmentednevus,3,3
pigmentednevus/P30b.png,pigmentednevus,3,3
pigmentednevus/P265a.png,pigmentednevus,3,4
pigmentednevus/B145b.png,pigmentednevus,3,3
pigmentednevus/B468.png,pigmentednevus,3,3
pigmentednevus/P277a.png,pigmentednevus,3,3
pigmentednevus/D686.png,pigmentednevus,3,3
pigmentednevus/D726b.png,pigmentednevus,3,3
pigmentednevus/D684c.png,pigmentednevus,3,4
pigmentednevus/P337e.png,pigmentednevus,3,3
pigmentednevus/B89e.png,pigmentednevus,3,3
pigmentednevus/A102a.png,pigmentednevus,3,0
pigmentednevus/B152b.png,pigmentednevus,3,0
pigmentednevus/P337c.png,pigmentednevus,3,3
pigmentednevus/P103a.png,pigmentednevus,3,3
pigmentednevus/B17b.png,pigmentednevus,3,3
pigmentednevus/D226c.png,pigmentednevus,3,4
pigmentednevus/P56b.png,pigmentednevus,3,4
pigmentednevus/B554c.png,pigmentednevus,3,3
pigmentednevus/B124.png,pigmentednevus,3,3
pigmentednevus/P373a.png,pigmentednevus,3,3
pigmentednevus/B293d.png,pigmentednevus,3,3
pigmentednevus/P256a.png,pigmentednevus,3,3
pigmentednevus/D715.png,pigmentednevus,3,3
pigmentednevus/P376b.png,pigmentednevus,3,3
pigmentednevus/A8b.png,pigmentednevus,3,3
pigmentednevus/B676a.png,pigmentednevus,3,3
pigmentednevus/P359b.png,pigmentednevus,3,0
pigmentednevus/B454b.png,pigmentednevus,3,2
pigmentednevus/P404d.png,pigmentednevus,3,4
pigmentednevus/A121a.png,pigmentednevus,3,3
pigmentednevus/B567.png,pigmentednevus,3,3
pigmentednevus/A25b.png,pigmentednevus,3,3
pigmentednevus/P399.png,pigmentednevus,3,3
pigmentednevus/B24.png,pigmentednevus,3,3
pigmentednevus/A8a.png,pigmentednevus,3,3
pigmentednevus/P237b.png,pigmentednevus,3,3
pigmentednevus/B402b.png,pigmentednevus,3,3
pigmentednevus/B513a.png,pigmentednevus,3,5
pigmentednevus/D262a.png,pigmentednevus,3,0
pigmentednevus/B569a.png,pigmentednevus,3,3
pigmentednevus/P277b.png,pigmentednevus,3,3
pigmentednevus/B69a.png,pigmentednevus,3,4
pigmentednevus/B336b.png,pigmentednevus,3,3
pigmentednevus/D526a.png,pigmentednevus,3,3
pigmentednevus/P4b.png,pigmentednevus,3,3
pigmentednevus/B247b.png,pigmentednevus,3,3
pigmentednevus/P180b.png,pigmentednevus,3,3
pigmentednevus/B676b.png,pigmentednevus,3,3
pigmentednevus/P347b.png,pigmentednevus,3,3
pigmentednevus/D169b.png,pigmentednevus,3,3
pigmentednevus/D684a.png,pigmentednevus,3,3
pigmentednevus/P306c.png,pigmentednevus,3,3
pigmentednevus/P363a.png,pigmentednevus,3,3
pigmentednevus/B610c.png,pigmentednevus,3,5
pigmentednevus/D404.png,pigmentednevus,3,3
pigmentednevus/B471.png,pigmentednevus,3,3
pigmentednevus/P454a.png,pigmentednevus,3,3
pigmentednevus/B315.png,pigmentednevus,3,3
pigmentednevus/B610b.png,pigmentednevus,3,5
pigmentednevus/A97.png,pigmentednevus,3,3
pigmentednevus/D401.png,pigmentednevus,3,3
pigmentednevus/B447b.png,pigmentednevus,3,3
pigmentednevus/P376a.png,pigmentednevus,3,0
pigmentednevus/B17c.png,pigmentednevus,3,3
pigmentednevus/P304c.png,pigmentednevus,3,3
pigmentednevus/P365f.png,pigmentednevus,3,3
pigmentednevus/D724.png,pigmentednevus,3,3
pigmentednevus/B350b.png,pigmentednevus,3,3
pigmentednevus/B292.png,pigmentednevus,3,4
pigmentednevus/B122.png,pigmentednevus,3,5
pigmentednevus/B598a.png,pigmentednevus,3,3
pigmentednevus/B706a.png,pigmentednevus,3,3
pigmentednevus/P306b.png,pigmentednevus,3,3
pigmentednevus/P63.png,pigmentednevus,3,3
pigmentednevus/D732.png,pigmentednevus,3,3
pigmentednevus/D112.png,pigmentednevus,3,5
pigmentednevus/P144.png,pigmentednevus,3,3
pigmentednevus/B91a.png,pigmentednevus,3,3
pigmentednevus/D271a.png,pigmentednevus,3,3
pigmentednevus/D726d.png,pigmentednevus,3,3
pigmentednevus/P365d.png,pigmentednevus,3,3
pigmentednevus/B237.png,pigmentednevus,3,3
